STG,TSDB
Arema FC,Arema FC
Bali United,Bali United
Barito Putera,PS Barito Putera
Bhayangkara Utd,Bhayangkara FC
Cilegon United,RANS Nusantara
Madura United,Madura United
Martapura,Dewa United
Persebaya,Persebaya
Persib Bandung,Persib Bandung
Persija Jakarta,Persija
Persik Kediri,Persik Kediri
Persis Solo,Persis Solo
Persita,Persita
PS Tira,Persikabo 1973
PSIS Semarang,PSIS Semarang
PSM Makassar,PSM Makassar
PSS Sleman,PSS Sleman
Pusamania Borneo,Borneo FC
Beijing Guoan,Beijing Guoan
Cangzhou,Shijiazhuang Yongchang FC
Changchun Yatai,Changchun Yatai
Chengdu Qianbao,Chengdu Better City
Dalian Pro,Dalian Yifang
Henan Songshan Longmen,Henan Jianye
Meizhou Hakka,Meizhou Hakka
Nantong Zhiyun,Nantong Zhiyun
Qingdao Jonoon,Qingdao Hainiu
Shandong Taishan,Shandong Taishan
Shanghai Port,Shanghai Port
Shanghai Shenhua,Shanghai Shenhua
Shenzhen,Shenzhen FC
Tianjin Jinmen Tiger,Tianjin Teda
Wuhan Three Towns,Wuhan Three Towns
Zhejiang Greentown,Hangzhou Greentown
Daegu,Daegu FC
Daejeon,Daejeon Hana Citizen
Gangwon,Gangwon FC
Gwangju FC,Gwangju FC
Incheon,Incheon United FC
Jeju Utd,Jeju United FC
Jeonbuk,Jeonbuk Hyundai Motors
Pohang,Pohang Steelers
Seoul,FC Seoul
Suwon Bluewings,Suwon Samsung Bluewings
Suwon City,Suwon FC
Ulsan Hyundai,Ulsan HD
Albirex Niigata,Albirex Niigata
Avispa Fukuoka,Avispa Fukuoka
Cerezo Osaka,Cerezo Osaka
FC Tokyo,FC Tokyo
G-Osaka,Gamba Osaka
Hiroshima,Sanfrecce Hiroshima
Kashima,Kashima Antlers
Kashiwa,Kashiwa Reysol
Kawasaki Frontale,Kawasaki Frontale
Kobe,Vissel Kobe
Kyoto,Kyoto Sanga
Nagoya,Nagoya Grampus
Sagan Tosu,Sagan Tosu
Sapporo,Hokkaido Consadole Sapporo
Shonan,Shonan Bellmare
Urawa,Urawa Red Diamonds
Yokohama FC,Yokohama FC
Yokohama Marines,Yokohama F Marinos
Bangkok Glass,BG Pathum United
Bangkok Utd,Bangkok United
Buriram,Buriram United
Chiangrai Utd,Chiangrai United
Chonburi,Chonburi FC
Khonkaen Utd.,Khon Kaen United
Lamphun Warrior,Lamphun Warrior
Muang Thong Utd,Muangthong United
Nakhon Pathom,Nakhon Pathom United
Police Tero,Police Tero
Port MTI FC,Port FC
Prachuap,Prachuap
Ratchaburi,Ratchaburi
Sukhothai,Sukhothai FC
Trat FC,Trat FC
Uthai Thani,Uthai Thani
Albirex Niigata,Albirex Niigata S
Balestier Khalsa,Balestier Khalsa
DPMM,DPMM FC
Geylang,Geylang International
Hougang,Hougang United
Lion City,Home United
Tampines,Tampines Rovers
Tanjong Pagar,Tanjong Pagar United
Young Lions,Young Lions
Abha,Abha
Al Ahli SC,Al-Ahli Saudi FC
Al Akhdoud,Al Okhdood Club
Al Feiha,Al Feiha
Al Khaleej,Al Khaleej
Al Riyadh,Al Riyadh SC
Al Taee,Al-Tai
Al Wehda,Al-Wehda
Al-Ettifaq,Al-Ettifaq
Al-Fateh,Al Fateh FC
Al-Hazem,Al-Hazem
Al-Hilal,Al Hilal
Al-Ittihad FC,Al Ittihad
Al-Nassr,Al Nassr FC
Al-Raed,Al-Raed
Al-Shabab,Al Shabab Seeb
Al-Taawon,Al-Taawon
Damac,Dhamk
Al Ahli Doha,Al-Ahli SC
Al Arabi,Al-Arabi
Al Markhiya,Al-Markhiya
Al Muaidar,Muaither SC
Al Rayyan,Al-Rayyan SC
Al Wakra,Al-Wakrah SC
Al-Duhail,Al-Duhail
Al-Gharafa,Al-Gharafa
Al-Sadd,Al-Sadd
Qatar SC,Qatar SC
Shamal,Al-Shamal
Umm-Salal,Umm-Salal SC
Ajman,Ajman
Al Ain,Al Ain
Al Bataeh,Al Bataeh
Al Jazira,Al Jazira
Al Nasr,Al Nasr
Al Sharjah,Al Sharjah
Al Wahda,Al Wahda
Al Wasl,Al Wasl
Bani Yas,Bani Yas
Emirates Club,Emirates Club
Hatta,Hatta
Ittihad Kalba,Ittihad Kalba
Khorfakkan,Khorfakkan
Shabab Al-Ahli Dubai,Shabab Al-Ahli Dubai
Dantong Hantong,Dantong Hantong
Dongguan Guanlian,Dongguan United
Guangxi Baoyun,Guangxi Pingguo
Guangzhou FC,Guangzhou Evergrande
Hebei Kungfu,Hebei KungFu
Heilongjiang Lava,Jiangxi Dingnan United
Jiangxi Liansheng,Jiangxi Beidamen
Jinan Xingzhou,Jinan Xingzhou
Nanjing City,Nanjing City
Qingdao Youth Island,Qingdao Youth Island
Shanghai Jiading City Development,Shanghai Jiading Huilong
Shenyang Urban FC,Liaoning Shenyang Urban
Sichuan Jiuniu,Sichuan Jiuniu
Suzhou Dongwu,Suzhou Dongwu
Wuxi Wugou,Wuxi Wugou
Yanbian Longding,Yanbian Longding
CSKA Pomir Dushanbe,CSKA Pamir
Eskhata,Eskhata
Faizkand,Fayzkand
Istiqlol Dushanbe,Istiklol Dushanbe
Khatlon,Khatlon
Khosilot Parkhar,Khosilot Farkhor
Khujand,Khujand
Kuktosh,Kuktosh Rudaki
Ravshan,Ravshan Kulob
Regar-TadAZ,Regar-TadAZ Tursunzoda
Adelaide United,Adelaide United
Brisbane Roar,Brisbane Roar FC
Central Coast Mariners,Central Coast Mariners
Macarthur FC,Macarthur FC
Melbourne City,Melbourne City FC
Melbourne Victory,Melbourne Victory
Newcastle Jets,Newcastle Jets
Perth Glory,Perth Glory
Sydney FC,Sydney FC
Wellington Phoenix,Wellington Phoenix
Auckland FC,Auckland FC
WS Wanderers,Western Sydney Wanderers FC
Western United,Western United FC
Ahal,Ahal
Al-Faisaly Amman,Al-Faisaly SC
Al Quwa Al Jawiya,Al-Quwa Al-Jawiya
Hanoi FC,Ha Noi
Johor DT,Johor Darul Ta'zim
Kaya,Kaya FC–Iloilo
Kitchee,Kitchee
Mumbai City,Mumbai City
Nasaf Qarshi,Nasaf
Nassaji Mazandaran,Nassaji Mazandaran
Navbahor Namangan,Navbahor
AGMK,Olmaliq
Pakhtakor,Pakhtakor
Persepolis,Persepolis
Sepahan,Sepahan
Kofu,Ventforet Kofu
Bengaluru,Bengaluru United
Chennaiyin,Chennaiyin
East Bengal,East Bengal
Goa,Goa
Hyderabad,Hyderabad
Jamshedpur,Jamshedpur
Kerala Blasters,Kerala Blasters
Minerva,Punjab
Mohun Bagan,Mohun Bagan Super Giant
Mumbai City,Mumbai City
North East Utd,NorthEast United
Odisha FC,Odisha
Esteghlal TEH,Esteghlal